,Temporal Lobe,Frontal Lobe,Cingulate,Parietal Lobe,Occipital Lobe,Insula,Hypothalamus
Temporal Lobe,1.0,0.47518577502255505,0.5944416953993027,0.4087035374670444,0.614156614629724,0.39453431007538103,-0.08141031376276256
Frontal Lobe,0.47518577502255505,1.0,0.6453009766017886,0.4920058388618097,0.4538104281593562,0.4280688126792816,0.09589323422763579
Cingulate,0.5944416953993027,0.6453009766017886,1.0,0.37962258532028864,0.34539961576564315,0.46830995566383105,-0.2621415281206321
Parietal Lobe,0.4087035374670444,0.4920058388618097,0.37962258532028864,1.0,0.7454024056606212,0.3576462411377206,0.15303998258343338
Occipital Lobe,0.614156614629724,0.4538104281593562,0.34539961576564315,0.7454024056606212,1.0,0.1927554870824382,0.2748199910648305
Insula,0.39453431007538103,0.4280688126792816,0.46830995566383105,0.3576462411377206,0.1927554870824382,1.0,-0.2013338424637915
Hypothalamus,-0.08141031376276256,0.09589323422763579,-0.2621415281206321,0.15303998258343338,0.2748199910648305,-0.2013338424637915,1.0
