,Temporal Lobe,Frontal Lobe,Cingulate,Parietal Lobe,Occipital Lobe,Insula,Hypothalamus
Temporal Lobe,1.0,0.570788092468832,0.6345222162868658,0.4051042838118453,0.4632389409802188,0.40106418836149943,0.47047341574744345
Frontal Lobe,0.570788092468832,1.0,0.7965881837663603,0.5219466158312639,0.3418933059172382,0.12693241386007859,0.4875154365078937
Cingulate,0.6345222162868658,0.7965881837663603,1.0,0.2475004507079872,0.14865056289211226,0.2348280058350353,0.26814194151757115
Parietal Lobe,0.4051042838118453,0.5219466158312639,0.2475004507079872,1.0,0.6727759225692428,0.3286034992422314,0.5242267988164966
Occipital Lobe,0.4632389409802188,0.3418933059172382,0.14865056289211226,0.6727759225692428,1.0,0.041641396995283825,0.5261916141973814
Insula,0.40106418836149943,0.12693241386007859,0.2348280058350353,0.3286034992422314,0.041641396995283825,1.0,0.08701878202129903
Hypothalamus,0.47047341574744345,0.4875154365078937,0.26814194151757115,0.5242267988164966,0.5261916141973814,0.08701878202129903,1.0
