,Temporal Lobe,Frontal Lobe,Cingulate,Parietal Lobe,Occipital Lobe,Insula,Hypothalamus
Temporal Lobe,1.0,0.493030749966142,0.6231610260359552,0.42554096649114204,0.6434287230671599,0.37686437373737,-0.10773886881540153
Frontal Lobe,0.493030749966142,1.0,0.6722200154648383,0.47304016762639367,0.4520340237502527,0.43516494886014206,0.04714829654715268
Cingulate,0.6231610260359552,0.6722200154648383,1.0,0.4215001191770349,0.40831048932641784,0.4390110667066574,-0.26619075363140277
Parietal Lobe,0.42554096649114204,0.47304016762639367,0.4215001191770349,1.0,0.7257409474056632,0.351604769852457,0.12723379506118002
Occipital Lobe,0.6434287230671599,0.4520340237502527,0.40831048932641784,0.7257409474056632,1.0,0.22154946016924423,0.232831755466458
Insula,0.37686437373737,0.43516494886014206,0.4390110667066574,0.351604769852457,0.22154946016924423,1.0,-0.2134291091775865
Hypothalamus,-0.10773886881540153,0.04714829654715268,-0.26619075363140277,0.12723379506118002,0.232831755466458,-0.2134291091775865,1.0
